title,url,excerpt,thumbnail,language,paywall,contentLength,date
Not even high interest rates can stop the relators of ‘Million Dollar Listing Los Angeles’ from making a deal: Watch the season 15 trailer,https://decider.com/2024/05/31/million-dollar-listing-los-angeles-season-15-trailer/,"Los Angeles’ luxury housing market may have hit an all-time low, but the realtors of MDLLA have never shied away from a challenge or a sale.",https://decider.com/wp-content/uploads/2024/05/MDLLA_Season15.jpg?quality=75&strip=all&w=1200,en,False,3442,2024-05-31T23:58:51.000Z
The US housing slump deepened this spring. Where does that leave home shoppers and sellers?,https://toronto.citynews.ca/2024/07/08/the-us-housing-slump-deepened-this-spring-where-does-that-leave-home-shoppers-and-sellers/,LOS ANGELES (AP) — The housing market shows few signs of busting out of its three-year funk after a disappointing spring season and amid a gloomy outlook for the summer and fall. Home shoppers came into 2024 with optimism that mortgage rates would ease further after a decline late last year. But those hopes faded […],https://toronto.citynews.ca/wp-content/blogs.dir/sites/10/2024/07/839a7fd5-9a2d-487e-9990-1e557331202e.jpg,en,False,5470,2024-07-08T11:42:14.000Z
The US housing slump deepened this spring. Where does that leave home shoppers and sellers?,https://www.winnipegfreepress.com/business/2024/07/08/the-us-housing-slump-deepened-this-spring-where-does-that-leave-home-shoppers-and-sellers,LOS ANGELES (AP) — The housing market shows few signs of busting out of its three-year funk after a disappointing spring season and amid a gloomy outlook for the summer and fall. Home shoppers came in…,https://www.winnipegfreepress.com/wp-content/uploads/sites/2/2024/07/20240708070732-668bce470c076f1a47c9394bjpeg.jpg,en,True,5716,2024-07-08T11:32:30.000Z
"Chicago, Phoenix among latest cities to hit rare property milestone",https://www.dailymail.co.uk/yourmoney/housing-market/article-13723933/housing-market-milestone-cities-trillion-dollars.html,"Four more US cities across four states have joined New York, Los Angeles, Atlanta and Boston in an exclusive housing market club.",https://i.dailymail.co.uk/1s/2024/08/08/16/88310663-0-image-m-76_1723131349837.jpg,en,False,3881,2024-08-09T13:01:14.000Z
Detroit home prices surge 6.7% year-over-year in September - Marketplace,https://www.marketplace.org/2023/11/29/detroit-home-price-growth/,"Detroit home prices have risen, outperforming housing market increases in New York, San Diego and Los Angeles.",https://www.marketplace.org/wp-content/uploads/2023/11/GettyImages-1319554394-e1701262348521.jpg?w=1200,en,False,2663,2023-11-29T14:11:37.000Z
A 49-Unit Affordable Housing Community In Los Angeles Has Taken 17 Years to Build And It’s Still Not Done,https://finance.yahoo.com/news/49-unit-affordable-housing-community-173718880.html,"Los Angeles is one of the nation’s most challenging housing markets when it comes to affordability, mainly because of a lack of viable housing stock. The fact that a 49-unit affordable housing project has taken 17 years to build and still isn’t complete speaks to the numerous difficulties that come with trying to replenish the city’s rapidly diminishing housing stock. Builders and developers cite an overabundance of bureaucratic requirements as the culprit. A Ray Of Hope In Boyle Heights Althoug",https://media.zenfs.com/en/Benzinga/c3c6d500cbf9375ec3b8be157cd783cf,en,False,5654,2024-01-02T17:37:18.000Z
Home On The Range In Kansas: Where Housing Prices Are Easier On The Wallet,https://finance.yahoo.com/news/home-range-kansas-where-housing-162803940.html,"Skyrocketing home prices, the endless quest for a parking spot and the rising cost of avocado toast have many urbanites bidding farewell to their fair cities in favor of locales that have houses they can afford. Although it may not have the glitz and glamor of coastal cities like New York or Los Angeles, buying a home in Topeka, Kansas, is within reach for many people. Kansas’s capital city boasts a median home list price of $250,000, making it the No. 1 emerging housing market this fall, accord",https://media.zenfs.com/en/Benzinga/15bf3cebe3fe6d862176b8d64bcc9f4d,en,False,3861,2023-11-20T16:28:03.000Z
"Little relief: Mortgage rates ease, pulling the average rate on a 30-year home loan to just below 7%",https://toronto.citynews.ca/2024/06/06/little-relief-mortgage-rates-ease-pulling-the-average-rate-on-a-30-year-home-loan-to-just-below-7/,"LOS ANGELES (AP) — The average rate on a 30-year mortgage dipped to just below 7% this week, little relief for prospective homebuyers already facing the challenges of rising housing prices and a relatively limited inventory of homes on the market. The rate fell to 6.99% from 7.03% last week, mortgage buyer Freddie Mac said […]",https://toronto.citynews.ca/wp-content/blogs.dir/sites/10/2024/06/e862a7ec-ab5a-4e0c-a945-9793d7611ee8.jpg,en,False,2457,2024-06-06T19:42:10.000Z
"Little relief: Mortgage rates ease, pulling the average rate on a 30-year home loan to just below 7%",https://www.mymcmurray.com/2024/06/06/little-relief-mortgage-rates-ease-pulling-the-average-rate-on-a-30-year-home-loan-to-just-below-7/,"LOS ANGELES (AP) — The average rate on a 30-year mortgage dipped to just below 7% this week, little relief for prospective homebuyers already facing the challenges of rising housing prices and a relatively limited inventory of homes on the market. The rate fell to 6.99% from 7.03% last week, mortgage buyer Freddie Mac said […]",https://www.mymcmurray.com/wp-content/blogs.dir/sites/11/2024/06/e862a7ec-ab5a-4e0c-a945-9793d7611ee8.jpg,en,False,3243,2024-06-06T16:27:08.000Z
Market for newly built homes slows as elevated mortgage rates put off many home shoppers,https://www.tristatehomepage.com/business/ap-business/ap-market-for-newly-built-homes-slows-as-elevated-mortgage-rates-put-off-many-home-shoppers/,"LOS ANGELES (AP) — Homebuilders who bucked the worst of last year’s housing slump may be seeing their luck run out. After showing signs of strengthening early this year, sales of new U.S. homes fel…",https://www.tristatehomepage.com/wp-content/uploads/sites/92/2024/06/667dc7cc8c2545.51768243.jpeg?w=1280,en,False,2724,2024-06-27T20:13:03.000Z
